Event Index,UTC Timestamp,UTC Date,Local Timestamp,Local Timezone,Local Date,Experiment ID,Experiment Version,Tree Node Key,Repeat Key,Schedule ID,Participant Public ID,Participant Private ID,Participant Starting Group,Participant Status,Participant Completion Code,Participant External Session ID,Participant Device Type,Participant Device,Participant OS,Participant Browser,Participant Monitor Size,Participant Viewport Size,Checkpoint,Task Name,Task Version,Randomise questionnaire elements?,Question Key,Response
1,1622624974141,02/06/2021 09:09:34,1622624974080,1,02/06/2021 10:09:34,53470,4,questionnaire-lo83,,13195226,60b511b9b6143f5c2914a36c,3971089,,complete,,60b743e760049c148b007bdc,computer,Desktop or Laptop,Chromium OS 13816.82.0,Chrome 90.0.4430.218,1366x768,1366x617,,post qualitative report,2,No,BEGIN QUESTIONNAIRE,
2,1622625021514,02/06/2021 09:10:21,1622625021428,1,02/06/2021 10:10:21,53470,4,questionnaire-lo83,,13195226,60b511b9b6143f5c2914a36c,3971089,,complete,,60b743e760049c148b007bdc,computer,Desktop or Laptop,Chromium OS 13816.82.0,Chrome 90.0.4430.218,1366x768,1366x617,,post qualitative report,2,No,better.over.time,Yes
3,1622625021595,02/06/2021 09:10:21,1622625021431,1,02/06/2021 10:10:21,53470,4,questionnaire-lo83,,13195226,60b511b9b6143f5c2914a36c,3971089,,complete,,60b743e760049c148b007bdc,computer,Desktop or Laptop,Chromium OS 13816.82.0,Chrome 90.0.4430.218,1366x768,1366x617,,post qualitative report,2,No,better.over.time-quantised,1
4,1622625021595,02/06/2021 09:10:21,1622625021431,1,02/06/2021 10:10:21,53470,4,questionnaire-lo83,,13195226,60b511b9b6143f5c2914a36c,3971089,,complete,,60b743e760049c148b007bdc,computer,Desktop or Laptop,Chromium OS 13816.82.0,Chrome 90.0.4430.218,1366x768,1366x617,,post qualitative report,2,No,approach.feedback,Always wait for more evidence no matter how obvious it looks at the start.
5,1622625021595,02/06/2021 09:10:21,1622625021432,1,02/06/2021 10:10:21,53470,4,questionnaire-lo83,,13195226,60b511b9b6143f5c2914a36c,3971089,,complete,,60b743e760049c148b007bdc,computer,Desktop or Laptop,Chromium OS 13816.82.0,Chrome 90.0.4430.218,1366x768,1366x617,,post qualitative report,2,No,issues,No.
6,1622625021595,02/06/2021 09:10:21,1622625021432,1,02/06/2021 10:10:21,53470,4,questionnaire-lo83,,13195226,60b511b9b6143f5c2914a36c,3971089,,complete,,60b743e760049c148b007bdc,computer,Desktop or Laptop,Chromium OS 13816.82.0,Chrome 90.0.4430.218,1366x768,1366x617,,post qualitative report,2,No,END QUESTIONNAIRE,47352
1,1622625792580,02/06/2021 09:23:12,1622625790082,1,02/06/2021 10:23:10,53470,4,questionnaire-lo83,,13195677,5d6794cb0942ff00162345bb,3971184,,complete,,60b747102281c67a6c47b3a4,computer,Desktop or Laptop,Windows 10,Chrome 91.0.4472.77,1280x720,1600x732,,post qualitative report,2,No,BEGIN QUESTIONNAIRE,
2,1622625810731,02/06/2021 09:23:30,1622625808263,1,02/06/2021 10:23:28,53470,4,questionnaire-lo83,,13195677,5d6794cb0942ff00162345bb,3971184,,complete,,60b747102281c67a6c47b3a4,computer,Desktop or Laptop,Windows 10,Chrome 91.0.4472.77,1280x720,1600x732,,post qualitative report,2,No,better.over.time,Yes
3,1622625810950,02/06/2021 09:23:30,1622625808264,1,02/06/2021 10:23:28,53470,4,questionnaire-lo83,,13195677,5d6794cb0942ff00162345bb,3971184,,complete,,60b747102281c67a6c47b3a4,computer,Desktop or Laptop,Windows 10,Chrome 91.0.4472.77,1280x720,1600x732,,post qualitative report,2,No,better.over.time-quantised,1
4,1622625810950,02/06/2021 09:23:30,1622625808265,1,02/06/2021 10:23:28,53470,4,questionnaire-lo83,,13195677,5d6794cb0942ff00162345bb,3971184,,complete,,60b747102281c67a6c47b3a4,computer,Desktop or Laptop,Windows 10,Chrome 91.0.4472.77,1280x720,1600x732,,post qualitative report,2,No,approach.feedback,No specific strategy 
5,1622625810950,02/06/2021 09:23:30,1622625808265,1,02/06/2021 10:23:28,53470,4,questionnaire-lo83,,13195677,5d6794cb0942ff00162345bb,3971184,,complete,,60b747102281c67a6c47b3a4,computer,Desktop or Laptop,Windows 10,Chrome 91.0.4472.77,1280x720,1600x732,,post qualitative report,2,No,issues,No issues experienced. 
6,1622625810950,02/06/2021 09:23:30,1622625808265,1,02/06/2021 10:23:28,53470,4,questionnaire-lo83,,13195677,5d6794cb0942ff00162345bb,3971184,,complete,,60b747102281c67a6c47b3a4,computer,Desktop or Laptop,Windows 10,Chrome 91.0.4472.77,1280x720,1600x732,,post qualitative report,2,No,END QUESTIONNAIRE,18183
1,1622626583630,02/06/2021 09:36:23,1622626583672,1,02/06/2021 10:36:23,53470,4,questionnaire-lo83,,13196036,5c555247b7cf140001d35217,3971277,,complete,,60b749ebd23070637c033091,computer,Desktop or Laptop,Windows 10,Chrome 90.0.4430.212,1366x768,1366x657,,post qualitative report,2,No,BEGIN QUESTIONNAIRE,
2,1622626596086,02/06/2021 09:36:36,1622626596060,1,02/06/2021 10:36:36,53470,4,questionnaire-lo83,,13196036,5c555247b7cf140001d35217,3971277,,complete,,60b749ebd23070637c033091,computer,Desktop or Laptop,Windows 10,Chrome 90.0.4430.212,1366x768,1366x657,,post qualitative report,2,No,better.over.time,Yes
3,1622626596274,02/06/2021 09:36:36,1622626596069,1,02/06/2021 10:36:36,53470,4,questionnaire-lo83,,13196036,5c555247b7cf140001d35217,3971277,,complete,,60b749ebd23070637c033091,computer,Desktop or Laptop,Windows 10,Chrome 90.0.4430.212,1366x768,1366x657,,post qualitative report,2,No,better.over.time-quantised,1
4,1622626596274,02/06/2021 09:36:36,1622626596070,1,02/06/2021 10:36:36,53470,4,questionnaire-lo83,,13196036,5c555247b7cf140001d35217,3971277,,complete,,60b749ebd23070637c033091,computer,Desktop or Laptop,Windows 10,Chrome 90.0.4430.212,1366x768,1366x657,,post qualitative report,2,No,approach.feedback,no
5,1622626596274,02/06/2021 09:36:36,1622626596071,1,02/06/2021 10:36:36,53470,4,questionnaire-lo83,,13196036,5c555247b7cf140001d35217,3971277,,complete,,60b749ebd23070637c033091,computer,Desktop or Laptop,Windows 10,Chrome 90.0.4430.212,1366x768,1366x657,,post qualitative report,2,No,issues,no
6,1622626596274,02/06/2021 09:36:36,1622626596072,1,02/06/2021 10:36:36,53470,4,questionnaire-lo83,,13196036,5c555247b7cf140001d35217,3971277,,complete,,60b749ebd23070637c033091,computer,Desktop or Laptop,Windows 10,Chrome 90.0.4430.212,1366x768,1366x657,,post qualitative report,2,No,END QUESTIONNAIRE,12400
1,1622626611137,02/06/2021 09:36:51,1622626611062,1,02/06/2021 10:36:51,53470,4,questionnaire-lo83,,13196042,5e790ca38cba350b0a1f6f20,3971334,,complete,,60b74a766fc7b78c4b569f48,computer,Desktop or Laptop,Mac OS 10.15.6,Safari 14.0.3,810x1080,1080x707,,post qualitative report,2,No,BEGIN QUESTIONNAIRE,
2,1622626619386,02/06/2021 09:36:59,1622626619324,1,02/06/2021 10:36:59,53470,4,questionnaire-lo83,,13196042,5e790ca38cba350b0a1f6f20,3971334,,complete,,60b74a766fc7b78c4b569f48,computer,Desktop or Laptop,Mac OS 10.15.6,Safari 14.0.3,810x1080,1080x707,,post qualitative report,2,No,better.over.time,Yes
3,1622626619563,02/06/2021 09:36:59,1622626619325,1,02/06/2021 10:36:59,53470,4,questionnaire-lo83,,13196042,5e790ca38cba350b0a1f6f20,3971334,,complete,,60b74a766fc7b78c4b569f48,computer,Desktop or Laptop,Mac OS 10.15.6,Safari 14.0.3,810x1080,1080x707,,post qualitative report,2,No,better.over.time-quantised,1
4,1622626619563,02/06/2021 09:36:59,1622626619325,1,02/06/2021 10:36:59,53470,4,questionnaire-lo83,,13196042,5e790ca38cba350b0a1f6f20,3971334,,complete,,60b74a766fc7b78c4b569f48,computer,Desktop or Laptop,Mac OS 10.15.6,Safari 14.0.3,810x1080,1080x707,,post qualitative report,2,No,approach.feedback,no
5,1622626619563,02/06/2021 09:36:59,1622626619325,1,02/06/2021 10:36:59,53470,4,questionnaire-lo83,,13196042,5e790ca38cba350b0a1f6f20,3971334,,complete,,60b74a766fc7b78c4b569f48,computer,Desktop or Laptop,Mac OS 10.15.6,Safari 14.0.3,810x1080,1080x707,,post qualitative report,2,No,issues,no
6,1622626619563,02/06/2021 09:36:59,1622626619325,1,02/06/2021 10:36:59,53470,4,questionnaire-lo83,,13196042,5e790ca38cba350b0a1f6f20,3971334,,complete,,60b74a766fc7b78c4b569f48,computer,Desktop or Laptop,Mac OS 10.15.6,Safari 14.0.3,810x1080,1080x707,,post qualitative report,2,No,END QUESTIONNAIRE,8263
1,1622626640113,02/06/2021 09:37:20,1622626640843,1,02/06/2021 10:37:20,53470,4,questionnaire-lo83,,13196071,601eefaacaa62b3d3b7e8476,3971285,,complete,,60b74a57a55f400b0e35adc9,computer,Desktop or Laptop,Windows 10,Chrome 90.0.4430.212,1536x864,1536x722,,post qualitative report,2,No,BEGIN QUESTIONNAIRE,
2,1622626758238,02/06/2021 09:39:18,1622626759014,1,02/06/2021 10:39:19,53470,4,questionnaire-lo83,,13196071,601eefaacaa62b3d3b7e8476,3971285,,complete,,60b74a57a55f400b0e35adc9,computer,Desktop or Laptop,Windows 10,Chrome 90.0.4430.212,1536x864,1536x722,,post qualitative report,2,No,better.over.time,Yes
3,1622626758348,02/06/2021 09:39:18,1622626759015,1,02/06/2021 10:39:19,53470,4,questionnaire-lo83,,13196071,601eefaacaa62b3d3b7e8476,3971285,,complete,,60b74a57a55f400b0e35adc9,computer,Desktop or Laptop,Windows 10,Chrome 90.0.4430.212,1536x864,1536x722,,post qualitative report,2,No,better.over.time-quantised,1
4,1622626758348,02/06/2021 09:39:18,1622626759015,1,02/06/2021 10:39:19,53470,4,questionnaire-lo83,,13196071,601eefaacaa62b3d3b7e8476,3971285,,complete,,60b74a57a55f400b0e35adc9,computer,Desktop or Laptop,Windows 10,Chrome 90.0.4430.212,1536x864,1536x722,,post qualitative report,2,No,approach.feedback,"If the lines were far apart with small sample size, but got very close I would always wait until later to see if the erlier seperation was repeated again. If multiple sample sizes showed the same distribution of averages back to back I would often commit too an answer."
5,1622626758348,02/06/2021 09:39:18,1622626759015,1,02/06/2021 10:39:19,53470,4,questionnaire-lo83,,13196071,601eefaacaa62b3d3b7e8476,3971285,,complete,,60b74a57a55f400b0e35adc9,computer,Desktop or Laptop,Windows 10,Chrome 90.0.4430.212,1536x864,1536x722,,post qualitative report,2,No,issues,No Issues
6,1622626758348,02/06/2021 09:39:18,1622626759015,1,02/06/2021 10:39:19,53470,4,questionnaire-lo83,,13196071,601eefaacaa62b3d3b7e8476,3971285,,complete,,60b74a57a55f400b0e35adc9,computer,Desktop or Laptop,Windows 10,Chrome 90.0.4430.212,1536x864,1536x722,,post qualitative report,2,No,END QUESTIONNAIRE,118172
1,1622627105315,02/06/2021 09:45:05,1622627104318,1,02/06/2021 10:45:04,53470,4,questionnaire-lo83,,13196255,60b506ced6a865fd6f20d1b4,3971469,,complete,,60b74b8d5afe1477de2dc51d,computer,Desktop or Laptop,Chromium OS 13816.80.0,Chrome 90.0.4430.215,1300x731,1300x612,,post qualitative report,2,No,BEGIN QUESTIONNAIRE,
2,1622627156840,02/06/2021 09:45:56,1622627155382,1,02/06/2021 10:45:55,53470,4,questionnaire-lo83,,13196255,60b506ced6a865fd6f20d1b4,3971469,,complete,,60b74b8d5afe1477de2dc51d,computer,Desktop or Laptop,Chromium OS 13816.80.0,Chrome 90.0.4430.215,1300x731,1300x612,,post qualitative report,2,No,better.over.time,Yes
3,1622627157162,02/06/2021 09:45:57,1622627155385,1,02/06/2021 10:45:55,53470,4,questionnaire-lo83,,13196255,60b506ced6a865fd6f20d1b4,3971469,,complete,,60b74b8d5afe1477de2dc51d,computer,Desktop or Laptop,Chromium OS 13816.80.0,Chrome 90.0.4430.215,1300x731,1300x612,,post qualitative report,2,No,better.over.time-quantised,1
4,1622627157162,02/06/2021 09:45:57,1622627155385,1,02/06/2021 10:45:55,53470,4,questionnaire-lo83,,13196255,60b506ced6a865fd6f20d1b4,3971469,,complete,,60b74b8d5afe1477de2dc51d,computer,Desktop or Laptop,Chromium OS 13816.80.0,Chrome 90.0.4430.215,1300x731,1300x612,,post qualitative report,2,No,approach.feedback,I stated trying to answer earlier but realised this couldnt always be predicted. 
5,1622627157162,02/06/2021 09:45:57,1622627155386,1,02/06/2021 10:45:55,53470,4,questionnaire-lo83,,13196255,60b506ced6a865fd6f20d1b4,3971469,,complete,,60b74b8d5afe1477de2dc51d,computer,Desktop or Laptop,Chromium OS 13816.80.0,Chrome 90.0.4430.215,1300x731,1300x612,,post qualitative report,2,No,issues,
6,1622627157162,02/06/2021 09:45:57,1622627155386,1,02/06/2021 10:45:55,53470,4,questionnaire-lo83,,13196255,60b506ced6a865fd6f20d1b4,3971469,,complete,,60b74b8d5afe1477de2dc51d,computer,Desktop or Laptop,Chromium OS 13816.80.0,Chrome 90.0.4430.215,1300x731,1300x612,,post qualitative report,2,No,END QUESTIONNAIRE,51069
1,1622627494011,02/06/2021 09:51:34,1622627494293,1,02/06/2021 10:51:34,53470,4,questionnaire-lo83,,13196385,5f14d76ee1b34e0e1cfcbf59,3971534,,complete,,60b74e6bb3faf998240d27c5,computer,Desktop or Laptop,Windows 10,Chrome 90.0.4430.212,1368x912,1368x770,,post qualitative report,2,No,BEGIN QUESTIONNAIRE,
2,1622627533541,02/06/2021 09:52:13,1622627533860,1,02/06/2021 10:52:13,53470,4,questionnaire-lo83,,13196385,5f14d76ee1b34e0e1cfcbf59,3971534,,complete,,60b74e6bb3faf998240d27c5,computer,Desktop or Laptop,Windows 10,Chrome 90.0.4430.212,1368x912,1368x770,,post qualitative report,2,No,better.over.time,Unsure
3,1622627533612,02/06/2021 09:52:13,1622627533864,1,02/06/2021 10:52:13,53470,4,questionnaire-lo83,,13196385,5f14d76ee1b34e0e1cfcbf59,3971534,,complete,,60b74e6bb3faf998240d27c5,computer,Desktop or Laptop,Windows 10,Chrome 90.0.4430.212,1368x912,1368x770,,post qualitative report,2,No,better.over.time-quantised,2
4,1622627533612,02/06/2021 09:52:13,1622627533864,1,02/06/2021 10:52:13,53470,4,questionnaire-lo83,,13196385,5f14d76ee1b34e0e1cfcbf59,3971534,,complete,,60b74e6bb3faf998240d27c5,computer,Desktop or Laptop,Windows 10,Chrome 90.0.4430.212,1368x912,1368x770,,post qualitative report,2,No,approach.feedback,Ended up using second to last data point as my guide for an answer
5,1622627533612,02/06/2021 09:52:13,1622627533865,1,02/06/2021 10:52:13,53470,4,questionnaire-lo83,,13196385,5f14d76ee1b34e0e1cfcbf59,3971534,,complete,,60b74e6bb3faf998240d27c5,computer,Desktop or Laptop,Windows 10,Chrome 90.0.4430.212,1368x912,1368x770,,post qualitative report,2,No,issues,
6,1622627533612,02/06/2021 09:52:13,1622627533865,1,02/06/2021 10:52:13,53470,4,questionnaire-lo83,,13196385,5f14d76ee1b34e0e1cfcbf59,3971534,,complete,,60b74e6bb3faf998240d27c5,computer,Desktop or Laptop,Windows 10,Chrome 90.0.4430.212,1368x912,1368x770,,post qualitative report,2,No,END QUESTIONNAIRE,39572
1,1622627554202,02/06/2021 09:52:34,1622627575683,1,02/06/2021 10:52:55,53470,4,questionnaire-lo83,,13196405,5bbf31958d691100016f17ec,3971432,,complete,,60b74adf699a0cc95e51900f,computer,Desktop or Laptop,Windows 10,Chrome 90.0.4430.212,1536x864,1536x754,,post qualitative report,2,No,BEGIN QUESTIONNAIRE,
2,1622627602050,02/06/2021 09:53:22,1622627623579,1,02/06/2021 10:53:43,53470,4,questionnaire-lo83,,13196405,5bbf31958d691100016f17ec,3971432,,complete,,60b74adf699a0cc95e51900f,computer,Desktop or Laptop,Windows 10,Chrome 90.0.4430.212,1536x864,1536x754,,post qualitative report,2,No,better.over.time,Yes
3,1622627602146,02/06/2021 09:53:22,1622627623581,1,02/06/2021 10:53:43,53470,4,questionnaire-lo83,,13196405,5bbf31958d691100016f17ec,3971432,,complete,,60b74adf699a0cc95e51900f,computer,Desktop or Laptop,Windows 10,Chrome 90.0.4430.212,1536x864,1536x754,,post qualitative report,2,No,better.over.time-quantised,1
4,1622627602146,02/06/2021 09:53:22,1622627623581,1,02/06/2021 10:53:43,53470,4,questionnaire-lo83,,13196405,5bbf31958d691100016f17ec,3971432,,complete,,60b74adf699a0cc95e51900f,computer,Desktop or Laptop,Windows 10,Chrome 90.0.4430.212,1536x864,1536x754,,post qualitative report,2,No,approach.feedback,I tried to wait until I was more sure that the data wasn't going to change in any significant way before making a decision
5,1622627602146,02/06/2021 09:53:22,1622627623581,1,02/06/2021 10:53:43,53470,4,questionnaire-lo83,,13196405,5bbf31958d691100016f17ec,3971432,,complete,,60b74adf699a0cc95e51900f,computer,Desktop or Laptop,Windows 10,Chrome 90.0.4430.212,1536x864,1536x754,,post qualitative report,2,No,issues,N/A
6,1622627602146,02/06/2021 09:53:22,1622627623581,1,02/06/2021 10:53:43,53470,4,questionnaire-lo83,,13196405,5bbf31958d691100016f17ec,3971432,,complete,,60b74adf699a0cc95e51900f,computer,Desktop or Laptop,Windows 10,Chrome 90.0.4430.212,1536x864,1536x754,,post qualitative report,2,No,END QUESTIONNAIRE,47898
1,1622627844329,02/06/2021 09:57:24,1622627843990,1,02/06/2021 10:57:23,53470,4,questionnaire-lo83,,13196514,5f52971c271a0703d733031c,3971594,,complete,,60b74f879905bee90db32e43,computer,Desktop or Laptop,Windows 10,Chrome 90.0.4430.212,1920x1080,1920x1007,,post qualitative report,2,No,BEGIN QUESTIONNAIRE,
2,1622627871552,02/06/2021 09:57:51,1622627871185,1,02/06/2021 10:57:51,53470,4,questionnaire-lo83,,13196514,5f52971c271a0703d733031c,3971594,,complete,,60b74f879905bee90db32e43,computer,Desktop or Laptop,Windows 10,Chrome 90.0.4430.212,1920x1080,1920x1007,,post qualitative report,2,No,better.over.time,Yes
3,1622627871614,02/06/2021 09:57:51,1622627871187,1,02/06/2021 10:57:51,53470,4,questionnaire-lo83,,13196514,5f52971c271a0703d733031c,3971594,,complete,,60b74f879905bee90db32e43,computer,Desktop or Laptop,Windows 10,Chrome 90.0.4430.212,1920x1080,1920x1007,,post qualitative report,2,No,better.over.time-quantised,1
4,1622627871614,02/06/2021 09:57:51,1622627871187,1,02/06/2021 10:57:51,53470,4,questionnaire-lo83,,13196514,5f52971c271a0703d733031c,3971594,,complete,,60b74f879905bee90db32e43,computer,Desktop or Laptop,Windows 10,Chrome 90.0.4430.212,1920x1080,1920x1007,,post qualitative report,2,No,approach.feedback,The better I understood the easier it was to make a decision.
5,1622627871614,02/06/2021 09:57:51,1622627871187,1,02/06/2021 10:57:51,53470,4,questionnaire-lo83,,13196514,5f52971c271a0703d733031c,3971594,,complete,,60b74f879905bee90db32e43,computer,Desktop or Laptop,Windows 10,Chrome 90.0.4430.212,1920x1080,1920x1007,,post qualitative report,2,No,issues,None
6,1622627871614,02/06/2021 09:57:51,1622627871188,1,02/06/2021 10:57:51,53470,4,questionnaire-lo83,,13196514,5f52971c271a0703d733031c,3971594,,complete,,60b74f879905bee90db32e43,computer,Desktop or Laptop,Windows 10,Chrome 90.0.4430.212,1920x1080,1920x1007,,post qualitative report,2,No,END QUESTIONNAIRE,27198
1,1622628474858,02/06/2021 10:07:54,1622628474744,1,02/06/2021 11:07:54,53470,4,questionnaire-lo83,,13196709,5f3960e728b3734d421b2eeb,3971647,,complete,,60b74a29140d1eb378f37da4,computer,Desktop or Laptop,Mac OS 10.15.6,Safari 14.0,768x1024,1024x665,,post qualitative report,2,No,BEGIN QUESTIONNAIRE,
2,1622628547141,02/06/2021 10:09:07,1622628546925,1,02/06/2021 11:09:06,53470,4,questionnaire-lo83,,13196709,5f3960e728b3734d421b2eeb,3971647,,complete,,60b74a29140d1eb378f37da4,computer,Desktop or Laptop,Mac OS 10.15.6,Safari 14.0,768x1024,1024x665,,post qualitative report,2,No,better.over.time,Yes
3,1622628547219,02/06/2021 10:09:07,1622628546927,1,02/06/2021 11:09:06,53470,4,questionnaire-lo83,,13196709,5f3960e728b3734d421b2eeb,3971647,,complete,,60b74a29140d1eb378f37da4,computer,Desktop or Laptop,Mac OS 10.15.6,Safari 14.0,768x1024,1024x665,,post qualitative report,2,No,better.over.time-quantised,1
4,1622628547219,02/06/2021 10:09:07,1622628546927,1,02/06/2021 11:09:06,53470,4,questionnaire-lo83,,13196709,5f3960e728b3734d421b2eeb,3971647,,complete,,60b74a29140d1eb378f37da4,computer,Desktop or Laptop,Mac OS 10.15.6,Safari 14.0,768x1024,1024x665,,post qualitative report,2,No,approach.feedback,I would look in detail and see which colour stood out and saw the most of.
5,1622628547219,02/06/2021 10:09:07,1622628546927,1,02/06/2021 11:09:06,53470,4,questionnaire-lo83,,13196709,5f3960e728b3734d421b2eeb,3971647,,complete,,60b74a29140d1eb378f37da4,computer,Desktop or Laptop,Mac OS 10.15.6,Safari 14.0,768x1024,1024x665,,post qualitative report,2,No,issues,
6,1622628547219,02/06/2021 10:09:07,1622628546927,1,02/06/2021 11:09:06,53470,4,questionnaire-lo83,,13196709,5f3960e728b3734d421b2eeb,3971647,,complete,,60b74a29140d1eb378f37da4,computer,Desktop or Laptop,Mac OS 10.15.6,Safari 14.0,768x1024,1024x665,,post qualitative report,2,No,END QUESTIONNAIRE,72183
1,1622629084633,02/06/2021 10:18:04,1622629087569,1,02/06/2021 11:18:07,53470,4,questionnaire-lo83,,13196956,5f4a6d50dc1bde5ef2e6b36b,3971746,,complete,,60b7536c55b723c1a775fb82,computer,Desktop or Laptop,Windows 10,Firefox 88.0,1280x720,1280x607,,post qualitative report,2,No,BEGIN QUESTIONNAIRE,
2,1622629129558,02/06/2021 10:18:49,1622629132546,1,02/06/2021 11:18:52,53470,4,questionnaire-lo83,,13196956,5f4a6d50dc1bde5ef2e6b36b,3971746,,complete,,60b7536c55b723c1a775fb82,computer,Desktop or Laptop,Windows 10,Firefox 88.0,1280x720,1280x607,,post qualitative report,2,No,better.over.time,Yes
3,1622629129636,02/06/2021 10:18:49,1622629132549,1,02/06/2021 11:18:52,53470,4,questionnaire-lo83,,13196956,5f4a6d50dc1bde5ef2e6b36b,3971746,,complete,,60b7536c55b723c1a775fb82,computer,Desktop or Laptop,Windows 10,Firefox 88.0,1280x720,1280x607,,post qualitative report,2,No,better.over.time-quantised,1
4,1622629129636,02/06/2021 10:18:49,1622629132549,1,02/06/2021 11:18:52,53470,4,questionnaire-lo83,,13196956,5f4a6d50dc1bde5ef2e6b36b,3971746,,complete,,60b7536c55b723c1a775fb82,computer,Desktop or Laptop,Windows 10,Firefox 88.0,1280x720,1280x607,,post qualitative report,2,No,approach.feedback,"I waited for more data to confirm my results. In addition, I noticed if the pink line was above the blue at the start, they were more likely to be equal."
5,1622629129636,02/06/2021 10:18:49,1622629132550,1,02/06/2021 11:18:52,53470,4,questionnaire-lo83,,13196956,5f4a6d50dc1bde5ef2e6b36b,3971746,,complete,,60b7536c55b723c1a775fb82,computer,Desktop or Laptop,Windows 10,Firefox 88.0,1280x720,1280x607,,post qualitative report,2,No,issues,No.
6,1622629129636,02/06/2021 10:18:49,1622629132550,1,02/06/2021 11:18:52,53470,4,questionnaire-lo83,,13196956,5f4a6d50dc1bde5ef2e6b36b,3971746,,complete,,60b7536c55b723c1a775fb82,computer,Desktop or Laptop,Windows 10,Firefox 88.0,1280x720,1280x607,,post qualitative report,2,No,END QUESTIONNAIRE,44981
1,1622629590239,02/06/2021 10:26:30,1622629590344,1,02/06/2021 11:26:30,53470,4,questionnaire-lo83,,13197128,5d204b04b1e50a001a19e385,3971850,,complete,,60b7558746b644660e90b5b9,computer,Desktop or Laptop,Windows 10,Chrome 90.0.4430.212,1366x768,1366x625,,post qualitative report,2,No,BEGIN QUESTIONNAIRE,
2,1622629609381,02/06/2021 10:26:49,1622629609534,1,02/06/2021 11:26:49,53470,4,questionnaire-lo83,,13197128,5d204b04b1e50a001a19e385,3971850,,complete,,60b7558746b644660e90b5b9,computer,Desktop or Laptop,Windows 10,Chrome 90.0.4430.212,1366x768,1366x625,,post qualitative report,2,No,better.over.time,Yes
3,1622629609458,02/06/2021 10:26:49,1622629609536,1,02/06/2021 11:26:49,53470,4,questionnaire-lo83,,13197128,5d204b04b1e50a001a19e385,3971850,,complete,,60b7558746b644660e90b5b9,computer,Desktop or Laptop,Windows 10,Chrome 90.0.4430.212,1366x768,1366x625,,post qualitative report,2,No,better.over.time-quantised,1
4,1622629609458,02/06/2021 10:26:49,1622629609536,1,02/06/2021 11:26:49,53470,4,questionnaire-lo83,,13197128,5d204b04b1e50a001a19e385,3971850,,complete,,60b7558746b644660e90b5b9,computer,Desktop or Laptop,Windows 10,Chrome 90.0.4430.212,1366x768,1366x625,,post qualitative report,2,No,approach.feedback,I focused hard
5,1622629609458,02/06/2021 10:26:49,1622629609537,1,02/06/2021 11:26:49,53470,4,questionnaire-lo83,,13197128,5d204b04b1e50a001a19e385,3971850,,complete,,60b7558746b644660e90b5b9,computer,Desktop or Laptop,Windows 10,Chrome 90.0.4430.212,1366x768,1366x625,,post qualitative report,2,No,issues,n/a
6,1622629609458,02/06/2021 10:26:49,1622629609537,1,02/06/2021 11:26:49,53470,4,questionnaire-lo83,,13197128,5d204b04b1e50a001a19e385,3971850,,complete,,60b7558746b644660e90b5b9,computer,Desktop or Laptop,Windows 10,Chrome 90.0.4430.212,1366x768,1366x625,,post qualitative report,2,No,END QUESTIONNAIRE,19193
1,1622630071791,02/06/2021 10:34:31,1622629902264,1,02/06/2021 11:31:42,53470,4,questionnaire-lo83,,13197330,5c070c6a3be61100011a29cc,3971772,,complete,,60b753c6c6b776617ebb9542,computer,Desktop or Laptop,Windows 10,Chrome 91.0.4472.77,1366x768,1366x657,,post qualitative report,2,No,BEGIN QUESTIONNAIRE,
2,1622630160548,02/06/2021 10:36:00,1622629990814,1,02/06/2021 11:33:10,53470,4,questionnaire-lo83,,13197330,5c070c6a3be61100011a29cc,3971772,,complete,,60b753c6c6b776617ebb9542,computer,Desktop or Laptop,Windows 10,Chrome 91.0.4472.77,1366x768,1366x657,,post qualitative report,2,No,better.over.time,Yes
3,1622630160643,02/06/2021 10:36:00,1622629990816,1,02/06/2021 11:33:10,53470,4,questionnaire-lo83,,13197330,5c070c6a3be61100011a29cc,3971772,,complete,,60b753c6c6b776617ebb9542,computer,Desktop or Laptop,Windows 10,Chrome 91.0.4472.77,1366x768,1366x657,,post qualitative report,2,No,better.over.time-quantised,1
4,1622630160643,02/06/2021 10:36:00,1622629990816,1,02/06/2021 11:33:10,53470,4,questionnaire-lo83,,13197330,5c070c6a3be61100011a29cc,3971772,,complete,,60b753c6c6b776617ebb9542,computer,Desktop or Laptop,Windows 10,Chrome 91.0.4472.77,1366x768,1366x657,,post qualitative report,2,No,approach.feedback,After a while I started anticipating the significance after the 3rd image had been showed and made my decisions based on how much potential change I felt could occur between the second to last and last number of participants.
5,1622630160643,02/06/2021 10:36:00,1622629990817,1,02/06/2021 11:33:10,53470,4,questionnaire-lo83,,13197330,5c070c6a3be61100011a29cc,3971772,,complete,,60b753c6c6b776617ebb9542,computer,Desktop or Laptop,Windows 10,Chrome 91.0.4472.77,1366x768,1366x657,,post qualitative report,2,No,issues,None whatsoever. 
6,1622630160643,02/06/2021 10:36:00,1622629990817,1,02/06/2021 11:33:10,53470,4,questionnaire-lo83,,13197330,5c070c6a3be61100011a29cc,3971772,,complete,,60b753c6c6b776617ebb9542,computer,Desktop or Laptop,Windows 10,Chrome 91.0.4472.77,1366x768,1366x657,,post qualitative report,2,No,END QUESTIONNAIRE,88553
1,1622631202971,02/06/2021 10:53:22,1622631202431,1,02/06/2021 11:53:22,53470,4,questionnaire-lo83,,13197823,5f6f753fb20ea14ee4072f30,3972097,,complete,,60b75b600403a9d54eaa0154,computer,Desktop or Laptop,Mac OS 10.15.7,Chrome 90.0.4430.212,1440x900,1440x659,,post qualitative report,2,No,BEGIN QUESTIONNAIRE,
2,1622631239206,02/06/2021 10:53:59,1622631238675,1,02/06/2021 11:53:58,53470,4,questionnaire-lo83,,13197823,5f6f753fb20ea14ee4072f30,3972097,,complete,,60b75b600403a9d54eaa0154,computer,Desktop or Laptop,Mac OS 10.15.7,Chrome 90.0.4430.212,1440x900,1440x659,,post qualitative report,2,No,better.over.time,Yes
3,1622631239300,02/06/2021 10:53:59,1622631238677,1,02/06/2021 11:53:58,53470,4,questionnaire-lo83,,13197823,5f6f753fb20ea14ee4072f30,3972097,,complete,,60b75b600403a9d54eaa0154,computer,Desktop or Laptop,Mac OS 10.15.7,Chrome 90.0.4430.212,1440x900,1440x659,,post qualitative report,2,No,better.over.time-quantised,1
4,1622631239300,02/06/2021 10:53:59,1622631238677,1,02/06/2021 11:53:58,53470,4,questionnaire-lo83,,13197823,5f6f753fb20ea14ee4072f30,3972097,,complete,,60b75b600403a9d54eaa0154,computer,Desktop or Laptop,Mac OS 10.15.7,Chrome 90.0.4430.212,1440x900,1440x659,,post qualitative report,2,No,approach.feedback,i started to look more at trends between the distributions e.g if red was higher on the first 2 then more likely blue = red and so on
5,1622631239300,02/06/2021 10:53:59,1622631238677,1,02/06/2021 11:53:58,53470,4,questionnaire-lo83,,13197823,5f6f753fb20ea14ee4072f30,3972097,,complete,,60b75b600403a9d54eaa0154,computer,Desktop or Laptop,Mac OS 10.15.7,Chrome 90.0.4430.212,1440x900,1440x659,,post qualitative report,2,No,issues,no
6,1622631239300,02/06/2021 10:53:59,1622631238677,1,02/06/2021 11:53:58,53470,4,questionnaire-lo83,,13197823,5f6f753fb20ea14ee4072f30,3972097,,complete,,60b75b600403a9d54eaa0154,computer,Desktop or Laptop,Mac OS 10.15.7,Chrome 90.0.4430.212,1440x900,1440x659,,post qualitative report,2,No,END QUESTIONNAIRE,36246
1,1622633500268,02/06/2021 11:31:40,1622633499701,1,02/06/2021 12:31:39,53470,4,questionnaire-lo83,,13198704,56fad9e4997828000c802706,3972562,,complete,,60b7645bfb406437b2baee6d,computer,Desktop or Laptop,Windows 10,Chrome 90.0.4430.212,1920x1080,1920x969,,post qualitative report,2,No,BEGIN QUESTIONNAIRE,
2,1622633528271,02/06/2021 11:32:08,1622633527724,1,02/06/2021 12:32:07,53470,4,questionnaire-lo83,,13198704,56fad9e4997828000c802706,3972562,,complete,,60b7645bfb406437b2baee6d,computer,Desktop or Laptop,Windows 10,Chrome 90.0.4430.212,1920x1080,1920x969,,post qualitative report,2,No,better.over.time,Unsure
3,1622633528362,02/06/2021 11:32:08,1622633527725,1,02/06/2021 12:32:07,53470,4,questionnaire-lo83,,13198704,56fad9e4997828000c802706,3972562,,complete,,60b7645bfb406437b2baee6d,computer,Desktop or Laptop,Windows 10,Chrome 90.0.4430.212,1920x1080,1920x969,,post qualitative report,2,No,better.over.time-quantised,2
4,1622633528362,02/06/2021 11:32:08,1622633527725,1,02/06/2021 12:32:07,53470,4,questionnaire-lo83,,13198704,56fad9e4997828000c802706,3972562,,complete,,60b7645bfb406437b2baee6d,computer,Desktop or Laptop,Windows 10,Chrome 90.0.4430.212,1920x1080,1920x969,,post qualitative report,2,No,approach.feedback,I started off looking at the lines but ended up trying to guess the number of dots
5,1622633528362,02/06/2021 11:32:08,1622633527726,1,02/06/2021 12:32:07,53470,4,questionnaire-lo83,,13198704,56fad9e4997828000c802706,3972562,,complete,,60b7645bfb406437b2baee6d,computer,Desktop or Laptop,Windows 10,Chrome 90.0.4430.212,1920x1080,1920x969,,post qualitative report,2,No,issues,
6,1622633528362,02/06/2021 11:32:08,1622633527726,1,02/06/2021 12:32:07,53470,4,questionnaire-lo83,,13198704,56fad9e4997828000c802706,3972562,,complete,,60b7645bfb406437b2baee6d,computer,Desktop or Laptop,Windows 10,Chrome 90.0.4430.212,1920x1080,1920x969,,post qualitative report,2,No,END QUESTIONNAIRE,28025
1,1622633585437,02/06/2021 11:33:05,1622633573113,1,02/06/2021 12:32:53,53470,4,questionnaire-lo83,,13198741,607703adb30bdd818ebc958a,3972554,,complete,,60b7644cfb406437b2baee6b,computer,Desktop or Laptop,Windows 10,Chrome 90.0.4430.212,1920x1080,1920x969,,post qualitative report,2,No,BEGIN QUESTIONNAIRE,
2,1622633642128,02/06/2021 11:34:02,1622633641973,1,02/06/2021 12:34:01,53470,4,questionnaire-lo83,,13198741,607703adb30bdd818ebc958a,3972554,,complete,,60b7644cfb406437b2baee6b,computer,Desktop or Laptop,Windows 10,Chrome 90.0.4430.212,1920x1080,1920x969,,post qualitative report,2,No,better.over.time,No
3,1622633642221,02/06/2021 11:34:02,1622633641975,1,02/06/2021 12:34:01,53470,4,questionnaire-lo83,,13198741,607703adb30bdd818ebc958a,3972554,,complete,,60b7644cfb406437b2baee6b,computer,Desktop or Laptop,Windows 10,Chrome 90.0.4430.212,1920x1080,1920x969,,post qualitative report,2,No,better.over.time-quantised,3
4,1622633642221,02/06/2021 11:34:02,1622633641975,1,02/06/2021 12:34:01,53470,4,questionnaire-lo83,,13198741,607703adb30bdd818ebc958a,3972554,,complete,,60b7644cfb406437b2baee6b,computer,Desktop or Laptop,Windows 10,Chrome 90.0.4430.212,1920x1080,1920x969,,post qualitative report,2,No,approach.feedback,"I approached the task hesitantly and waited until i could see most of the bars before making a decision, I used estimation rather than looking at the numbers."
5,1622633642221,02/06/2021 11:34:02,1622633641975,1,02/06/2021 12:34:01,53470,4,questionnaire-lo83,,13198741,607703adb30bdd818ebc958a,3972554,,complete,,60b7644cfb406437b2baee6b,computer,Desktop or Laptop,Windows 10,Chrome 90.0.4430.212,1920x1080,1920x969,,post qualitative report,2,No,issues,No
6,1622633642221,02/06/2021 11:34:02,1622633641975,1,02/06/2021 12:34:01,53470,4,questionnaire-lo83,,13198741,607703adb30bdd818ebc958a,3972554,,complete,,60b7644cfb406437b2baee6b,computer,Desktop or Laptop,Windows 10,Chrome 90.0.4430.212,1920x1080,1920x969,,post qualitative report,2,No,END QUESTIONNAIRE,68862
1,1622634003770,02/06/2021 11:40:03,1622634003857,1,02/06/2021 12:40:03,53470,4,questionnaire-lo83,,13198907,60b25c51065fbb9f4554d7eb,3973031,,complete,,60b76670dace5872938bffd2,computer,Desktop or Laptop,Windows 10,Chrome 91.0.4472.77,1280x720,1280x616,,post qualitative report,2,No,BEGIN QUESTIONNAIRE,
2,1622634034436,02/06/2021 11:40:34,1622634034573,1,02/06/2021 12:40:34,53470,4,questionnaire-lo83,,13198907,60b25c51065fbb9f4554d7eb,3973031,,complete,,60b76670dace5872938bffd2,computer,Desktop or Laptop,Windows 10,Chrome 91.0.4472.77,1280x720,1280x616,,post qualitative report,2,No,better.over.time,Unsure
3,1622634034523,02/06/2021 11:40:34,1622634034574,1,02/06/2021 12:40:34,53470,4,questionnaire-lo83,,13198907,60b25c51065fbb9f4554d7eb,3973031,,complete,,60b76670dace5872938bffd2,computer,Desktop or Laptop,Windows 10,Chrome 91.0.4472.77,1280x720,1280x616,,post qualitative report,2,No,better.over.time-quantised,2
4,1622634034523,02/06/2021 11:40:34,1622634034574,1,02/06/2021 12:40:34,53470,4,questionnaire-lo83,,13198907,60b25c51065fbb9f4554d7eb,3973031,,complete,,60b76670dace5872938bffd2,computer,Desktop or Laptop,Windows 10,Chrome 91.0.4472.77,1280x720,1280x616,,post qualitative report,2,No,approach.feedback,Mainly seeing if there is a trend in the beginning
5,1622634034523,02/06/2021 11:40:34,1622634034574,1,02/06/2021 12:40:34,53470,4,questionnaire-lo83,,13198907,60b25c51065fbb9f4554d7eb,3973031,,complete,,60b76670dace5872938bffd2,computer,Desktop or Laptop,Windows 10,Chrome 91.0.4472.77,1280x720,1280x616,,post qualitative report,2,No,issues,
6,1622634034523,02/06/2021 11:40:34,1622634034575,1,02/06/2021 12:40:34,53470,4,questionnaire-lo83,,13198907,60b25c51065fbb9f4554d7eb,3973031,,complete,,60b76670dace5872938bffd2,computer,Desktop or Laptop,Windows 10,Chrome 91.0.4472.77,1280x720,1280x616,,post qualitative report,2,No,END QUESTIONNAIRE,30718
1,1622634133286,02/06/2021 11:42:13,1622634132895,1,02/06/2021 12:42:12,53470,4,questionnaire-lo83,,13198947,60a3ea460bce3bb8815b4617,3973014,,complete,,60b766e761dcf3bdfd67357f,computer,Desktop or Laptop,Windows 10,Chrome 90.0.4430.212,1536x864,1536x722,,post qualitative report,2,No,BEGIN QUESTIONNAIRE,
2,1622634204765,02/06/2021 11:43:24,1622634204428,1,02/06/2021 12:43:24,53470,4,questionnaire-lo83,,13198947,60a3ea460bce3bb8815b4617,3973014,,complete,,60b766e761dcf3bdfd67357f,computer,Desktop or Laptop,Windows 10,Chrome 90.0.4430.212,1536x864,1536x722,,post qualitative report,2,No,better.over.time,Yes
3,1622634204850,02/06/2021 11:43:24,1622634204430,1,02/06/2021 12:43:24,53470,4,questionnaire-lo83,,13198947,60a3ea460bce3bb8815b4617,3973014,,complete,,60b766e761dcf3bdfd67357f,computer,Desktop or Laptop,Windows 10,Chrome 90.0.4430.212,1536x864,1536x722,,post qualitative report,2,No,better.over.time-quantised,1
4,1622634204850,02/06/2021 11:43:24,1622634204430,1,02/06/2021 12:43:24,53470,4,questionnaire-lo83,,13198947,60a3ea460bce3bb8815b4617,3973014,,complete,,60b766e761dcf3bdfd67357f,computer,Desktop or Laptop,Windows 10,Chrome 90.0.4430.212,1536x864,1536x722,,post qualitative report,2,No,approach.feedback,Waiting for more evidence before answering (unless data was very clear)
5,1622634204850,02/06/2021 11:43:24,1622634204431,1,02/06/2021 12:43:24,53470,4,questionnaire-lo83,,13198947,60a3ea460bce3bb8815b4617,3973014,,complete,,60b766e761dcf3bdfd67357f,computer,Desktop or Laptop,Windows 10,Chrome 90.0.4430.212,1536x864,1536x722,,post qualitative report,2,No,issues,It states the study supports mobile when it does not
6,1622634204850,02/06/2021 11:43:24,1622634204431,1,02/06/2021 12:43:24,53470,4,questionnaire-lo83,,13198947,60a3ea460bce3bb8815b4617,3973014,,complete,,60b766e761dcf3bdfd67357f,computer,Desktop or Laptop,Windows 10,Chrome 90.0.4430.212,1536x864,1536x722,,post qualitative report,2,No,END QUESTIONNAIRE,71536
1,1622634254240,02/06/2021 11:44:14,1622634254154,1,02/06/2021 12:44:14,53470,4,questionnaire-lo83,,13198993,5bec8599fdf8c50001d0d329,3973093,,complete,,60b768e93fb38676dc4955b7,computer,Desktop or Laptop,Mac OS 10.15.7,Chrome 90.0.4430.212,1440x900,1440x789,,post qualitative report,2,No,BEGIN QUESTIONNAIRE,
2,1622634293668,02/06/2021 11:44:53,1622634293612,1,02/06/2021 12:44:53,53470,4,questionnaire-lo83,,13198993,5bec8599fdf8c50001d0d329,3973093,,complete,,60b768e93fb38676dc4955b7,computer,Desktop or Laptop,Mac OS 10.15.7,Chrome 90.0.4430.212,1440x900,1440x789,,post qualitative report,2,No,better.over.time,Yes
3,1622634293756,02/06/2021 11:44:53,1622634293613,1,02/06/2021 12:44:53,53470,4,questionnaire-lo83,,13198993,5bec8599fdf8c50001d0d329,3973093,,complete,,60b768e93fb38676dc4955b7,computer,Desktop or Laptop,Mac OS 10.15.7,Chrome 90.0.4430.212,1440x900,1440x789,,post qualitative report,2,No,better.over.time-quantised,1
4,1622634293756,02/06/2021 11:44:53,1622634293613,1,02/06/2021 12:44:53,53470,4,questionnaire-lo83,,13198993,5bec8599fdf8c50001d0d329,3973093,,complete,,60b768e93fb38676dc4955b7,computer,Desktop or Laptop,Mac OS 10.15.7,Chrome 90.0.4430.212,1440x900,1440x789,,post qualitative report,2,No,approach.feedback,"at the beginning i tried to follow the pattern up until the 80 mark and decide then, but at the end i just copied what was on the largest sample result"
5,1622634293756,02/06/2021 11:44:53,1622634293614,1,02/06/2021 12:44:53,53470,4,questionnaire-lo83,,13198993,5bec8599fdf8c50001d0d329,3973093,,complete,,60b768e93fb38676dc4955b7,computer,Desktop or Laptop,Mac OS 10.15.7,Chrome 90.0.4430.212,1440x900,1440x789,,post qualitative report,2,No,issues,
6,1622634293756,02/06/2021 11:44:53,1622634293614,1,02/06/2021 12:44:53,53470,4,questionnaire-lo83,,13198993,5bec8599fdf8c50001d0d329,3973093,,complete,,60b768e93fb38676dc4955b7,computer,Desktop or Laptop,Mac OS 10.15.7,Chrome 90.0.4430.212,1440x900,1440x789,,post qualitative report,2,No,END QUESTIONNAIRE,39460
1,1622634917183,02/06/2021 11:55:17,1622634917052,1,02/06/2021 12:55:17,53470,4,questionnaire-lo83,,13199232,609a9fbdf8ce8906d50c1f10,3973158,,complete,,60b76aaaf5de83b86932f02a,computer,Desktop or Laptop,Windows 10,Chrome 90.0.4430.212,1920x1080,1920x937,,post qualitative report,2,No,BEGIN QUESTIONNAIRE,
2,1622634949802,02/06/2021 11:55:49,1622634949729,1,02/06/2021 12:55:49,53470,4,questionnaire-lo83,,13199232,609a9fbdf8ce8906d50c1f10,3973158,,complete,,60b76aaaf5de83b86932f02a,computer,Desktop or Laptop,Windows 10,Chrome 90.0.4430.212,1920x1080,1920x937,,post qualitative report,2,No,better.over.time,Unsure
3,1622634949896,02/06/2021 11:55:49,1622634949730,1,02/06/2021 12:55:49,53470,4,questionnaire-lo83,,13199232,609a9fbdf8ce8906d50c1f10,3973158,,complete,,60b76aaaf5de83b86932f02a,computer,Desktop or Laptop,Windows 10,Chrome 90.0.4430.212,1920x1080,1920x937,,post qualitative report,2,No,better.over.time-quantised,2
4,1622634949896,02/06/2021 11:55:49,1622634949731,1,02/06/2021 12:55:49,53470,4,questionnaire-lo83,,13199232,609a9fbdf8ce8906d50c1f10,3973158,,complete,,60b76aaaf5de83b86932f02a,computer,Desktop or Laptop,Windows 10,Chrome 90.0.4430.212,1920x1080,1920x937,,post qualitative report,2,No,approach.feedback,i started looking more at the gaps and tried to average them out to see which line was higher.
5,1622634949896,02/06/2021 11:55:49,1622634949731,1,02/06/2021 12:55:49,53470,4,questionnaire-lo83,,13199232,609a9fbdf8ce8906d50c1f10,3973158,,complete,,60b76aaaf5de83b86932f02a,computer,Desktop or Laptop,Windows 10,Chrome 90.0.4430.212,1920x1080,1920x937,,post qualitative report,2,No,issues,no.
6,1622634949896,02/06/2021 11:55:49,1622634949731,1,02/06/2021 12:55:49,53470,4,questionnaire-lo83,,13199232,609a9fbdf8ce8906d50c1f10,3973158,,complete,,60b76aaaf5de83b86932f02a,computer,Desktop or Laptop,Windows 10,Chrome 90.0.4430.212,1920x1080,1920x937,,post qualitative report,2,No,END QUESTIONNAIRE,32680
1,1622636243867,02/06/2021 12:17:23,1622636244882,1,02/06/2021 13:17:24,53470,4,questionnaire-lo83,,13199654,5b66de2b10280f0001f0c573,3973369,,complete,,60b76fdf40b594618df55489,computer,Desktop or Laptop,Windows 10,Chrome 90.0.4430.212,1280x720,1280x610,,post qualitative report,2,No,BEGIN QUESTIONNAIRE,
2,1622636322989,02/06/2021 12:18:42,1622636323876,1,02/06/2021 13:18:43,53470,4,questionnaire-lo83,,13199654,5b66de2b10280f0001f0c573,3973369,,complete,,60b76fdf40b594618df55489,computer,Desktop or Laptop,Windows 10,Chrome 90.0.4430.212,1280x720,1280x610,,post qualitative report,2,No,better.over.time,Yes
3,1622636323084,02/06/2021 12:18:43,1622636323878,1,02/06/2021 13:18:43,53470,4,questionnaire-lo83,,13199654,5b66de2b10280f0001f0c573,3973369,,complete,,60b76fdf40b594618df55489,computer,Desktop or Laptop,Windows 10,Chrome 90.0.4430.212,1280x720,1280x610,,post qualitative report,2,No,better.over.time-quantised,1
4,1622636323084,02/06/2021 12:18:43,1622636323878,1,02/06/2021 13:18:43,53470,4,questionnaire-lo83,,13199654,5b66de2b10280f0001f0c573,3973369,,complete,,60b76fdf40b594618df55489,computer,Desktop or Laptop,Windows 10,Chrome 90.0.4430.212,1280x720,1280x610,,post qualitative report,2,No,approach.feedback,"Towards the end of the task I was waiting longer for more evidence to appear before making a judgement, focussing on accuracy over the potential extra 2 points"
5,1622636323084,02/06/2021 12:18:43,1622636323879,1,02/06/2021 13:18:43,53470,4,questionnaire-lo83,,13199654,5b66de2b10280f0001f0c573,3973369,,complete,,60b76fdf40b594618df55489,computer,Desktop or Laptop,Windows 10,Chrome 90.0.4430.212,1280x720,1280x610,,post qualitative report,2,No,issues,
6,1622636323084,02/06/2021 12:18:43,1622636323879,1,02/06/2021 13:18:43,53470,4,questionnaire-lo83,,13199654,5b66de2b10280f0001f0c573,3973369,,complete,,60b76fdf40b594618df55489,computer,Desktop or Laptop,Windows 10,Chrome 90.0.4430.212,1280x720,1280x610,,post qualitative report,2,No,END QUESTIONNAIRE,78997
1,1622636756777,02/06/2021 12:25:56,1622636757245,1,02/06/2021 13:25:57,53470,4,questionnaire-lo83,,13199845,5f59f42bfb59c302777b0425,3973335,,complete,,60b76ef17344429c94c69b97,computer,Desktop or Laptop,Windows 10,Chrome 90.0.4430.93,1280x720,1707x771,,post qualitative report,2,No,BEGIN QUESTIONNAIRE,
2,1622636816416,02/06/2021 12:26:56,1622636816926,1,02/06/2021 13:26:56,53470,4,questionnaire-lo83,,13199845,5f59f42bfb59c302777b0425,3973335,,complete,,60b76ef17344429c94c69b97,computer,Desktop or Laptop,Windows 10,Chrome 90.0.4430.93,1280x720,1707x771,,post qualitative report,2,No,better.over.time,Yes
3,1622636816515,02/06/2021 12:26:56,1622636816927,1,02/06/2021 13:26:56,53470,4,questionnaire-lo83,,13199845,5f59f42bfb59c302777b0425,3973335,,complete,,60b76ef17344429c94c69b97,computer,Desktop or Laptop,Windows 10,Chrome 90.0.4430.93,1280x720,1707x771,,post qualitative report,2,No,better.over.time-quantised,1
4,1622636816515,02/06/2021 12:26:56,1622636816927,1,02/06/2021 13:26:56,53470,4,questionnaire-lo83,,13199845,5f59f42bfb59c302777b0425,3973335,,complete,,60b76ef17344429c94c69b97,computer,Desktop or Laptop,Windows 10,Chrome 90.0.4430.93,1280x720,1707x771,,post qualitative report,2,No,approach.feedback,After guessing quite a few wrong with the first 3 data sets I mostly waited till the last or penultimate part of data to ensure I was right
5,1622636816515,02/06/2021 12:26:56,1622636816928,1,02/06/2021 13:26:56,53470,4,questionnaire-lo83,,13199845,5f59f42bfb59c302777b0425,3973335,,complete,,60b76ef17344429c94c69b97,computer,Desktop or Laptop,Windows 10,Chrome 90.0.4430.93,1280x720,1707x771,,post qualitative report,2,No,issues,none
6,1622636816515,02/06/2021 12:26:56,1622636816928,1,02/06/2021 13:26:56,53470,4,questionnaire-lo83,,13199845,5f59f42bfb59c302777b0425,3973335,,complete,,60b76ef17344429c94c69b97,computer,Desktop or Laptop,Windows 10,Chrome 90.0.4430.93,1280x720,1707x771,,post qualitative report,2,No,END QUESTIONNAIRE,59683
1,1622636985563,02/06/2021 12:29:45,1622636984880,1,02/06/2021 13:29:44,53470,4,questionnaire-lo83,,13199992,5c1ac1c637dd01000114e36a,3973503,,complete,,60b772e4420b2d4d76db6e57,computer,Desktop or Laptop,Windows 10,Chrome 90.0.4430.212,1280x720,665x568,,post qualitative report,2,No,BEGIN QUESTIONNAIRE,
2,1622637075191,02/06/2021 12:31:15,1622637074569,1,02/06/2021 13:31:14,53470,4,questionnaire-lo83,,13199992,5c1ac1c637dd01000114e36a,3973503,,complete,,60b772e4420b2d4d76db6e57,computer,Desktop or Laptop,Windows 10,Chrome 90.0.4430.212,1280x720,665x568,,post qualitative report,2,No,better.over.time,Yes
3,1622637075269,02/06/2021 12:31:15,1622637074570,1,02/06/2021 13:31:14,53470,4,questionnaire-lo83,,13199992,5c1ac1c637dd01000114e36a,3973503,,complete,,60b772e4420b2d4d76db6e57,computer,Desktop or Laptop,Windows 10,Chrome 90.0.4430.212,1280x720,665x568,,post qualitative report,2,No,better.over.time-quantised,1
4,1622637075269,02/06/2021 12:31:15,1622637074570,1,02/06/2021 13:31:14,53470,4,questionnaire-lo83,,13199992,5c1ac1c637dd01000114e36a,3973503,,complete,,60b772e4420b2d4d76db6e57,computer,Desktop or Laptop,Windows 10,Chrome 90.0.4430.212,1280x720,665x568,,post qualitative report,2,No,approach.feedback,i decided it was better not to rush into choosing the answer. It was best to wait until you had more information. 
5,1622637075269,02/06/2021 12:31:15,1622637074570,1,02/06/2021 13:31:14,53470,4,questionnaire-lo83,,13199992,5c1ac1c637dd01000114e36a,3973503,,complete,,60b772e4420b2d4d76db6e57,computer,Desktop or Laptop,Windows 10,Chrome 90.0.4430.212,1280x720,665x568,,post qualitative report,2,No,issues,n/a
6,1622637075269,02/06/2021 12:31:15,1622637074570,1,02/06/2021 13:31:14,53470,4,questionnaire-lo83,,13199992,5c1ac1c637dd01000114e36a,3973503,,complete,,60b772e4420b2d4d76db6e57,computer,Desktop or Laptop,Windows 10,Chrome 90.0.4430.212,1280x720,665x568,,post qualitative report,2,No,END QUESTIONNAIRE,89690
1,1622638028901,02/06/2021 12:47:08,1622638028681,1,02/06/2021 13:47:08,53470,4,questionnaire-lo83,,13201038,5d25ee154b5c4f0018fdaaa7,3973641,,complete,,60b777087dd5f8d18c06dd16,computer,Desktop or Laptop,Mac OS 10.15.7,Chrome 90.0.4430.212,1440x900,1440x696,,post qualitative report,2,No,BEGIN QUESTIONNAIRE,
2,1622638068368,02/06/2021 12:47:48,1622638068276,1,02/06/2021 13:47:48,53470,4,questionnaire-lo83,,13201038,5d25ee154b5c4f0018fdaaa7,3973641,,complete,,60b777087dd5f8d18c06dd16,computer,Desktop or Laptop,Mac OS 10.15.7,Chrome 90.0.4430.212,1440x900,1440x696,,post qualitative report,2,No,better.over.time,Yes
3,1622638068430,02/06/2021 12:47:48,1622638068277,1,02/06/2021 13:47:48,53470,4,questionnaire-lo83,,13201038,5d25ee154b5c4f0018fdaaa7,3973641,,complete,,60b777087dd5f8d18c06dd16,computer,Desktop or Laptop,Mac OS 10.15.7,Chrome 90.0.4430.212,1440x900,1440x696,,post qualitative report,2,No,better.over.time-quantised,1
4,1622638068430,02/06/2021 12:47:48,1622638068277,1,02/06/2021 13:47:48,53470,4,questionnaire-lo83,,13201038,5d25ee154b5c4f0018fdaaa7,3973641,,complete,,60b777087dd5f8d18c06dd16,computer,Desktop or Laptop,Mac OS 10.15.7,Chrome 90.0.4430.212,1440x900,1440x696,,post qualitative report,2,No,approach.feedback,I started to look at patterns rather than basing my estimate on the earliest plots.
5,1622638068430,02/06/2021 12:47:48,1622638068277,1,02/06/2021 13:47:48,53470,4,questionnaire-lo83,,13201038,5d25ee154b5c4f0018fdaaa7,3973641,,complete,,60b777087dd5f8d18c06dd16,computer,Desktop or Laptop,Mac OS 10.15.7,Chrome 90.0.4430.212,1440x900,1440x696,,post qualitative report,2,No,issues,No.
6,1622638068430,02/06/2021 12:47:48,1622638068277,1,02/06/2021 13:47:48,53470,4,questionnaire-lo83,,13201038,5d25ee154b5c4f0018fdaaa7,3973641,,complete,,60b777087dd5f8d18c06dd16,computer,Desktop or Laptop,Mac OS 10.15.7,Chrome 90.0.4430.212,1440x900,1440x696,,post qualitative report,2,No,END QUESTIONNAIRE,39596
1,1622638294041,02/06/2021 12:51:34,1622638295226,1,02/06/2021 13:51:35,53470,4,questionnaire-lo83,,13201216,5d2202ffa80a600017d967b5,3973701,,complete,,60b778765415380f460dd5ba,computer,Desktop or Laptop,Windows 10,Chrome 91.0.4472.77,1280x720,1280x609,,post qualitative report,2,No,BEGIN QUESTIONNAIRE,
2,1622638332176,02/06/2021 12:52:12,1622638333427,1,02/06/2021 13:52:13,53470,4,questionnaire-lo83,,13201216,5d2202ffa80a600017d967b5,3973701,,complete,,60b778765415380f460dd5ba,computer,Desktop or Laptop,Windows 10,Chrome 91.0.4472.77,1280x720,1280x609,,post qualitative report,2,No,better.over.time,Yes
3,1622638332254,02/06/2021 12:52:12,1622638333428,1,02/06/2021 13:52:13,53470,4,questionnaire-lo83,,13201216,5d2202ffa80a600017d967b5,3973701,,complete,,60b778765415380f460dd5ba,computer,Desktop or Laptop,Windows 10,Chrome 91.0.4472.77,1280x720,1280x609,,post qualitative report,2,No,better.over.time-quantised,1
4,1622638332254,02/06/2021 12:52:12,1622638333429,1,02/06/2021 13:52:13,53470,4,questionnaire-lo83,,13201216,5d2202ffa80a600017d967b5,3973701,,complete,,60b778765415380f460dd5ba,computer,Desktop or Laptop,Windows 10,Chrome 91.0.4472.77,1280x720,1280x609,,post qualitative report,2,No,approach.feedback,I looked to see if the gap was changing between trials
5,1622638332254,02/06/2021 12:52:12,1622638333429,1,02/06/2021 13:52:13,53470,4,questionnaire-lo83,,13201216,5d2202ffa80a600017d967b5,3973701,,complete,,60b778765415380f460dd5ba,computer,Desktop or Laptop,Windows 10,Chrome 91.0.4472.77,1280x720,1280x609,,post qualitative report,2,No,issues,
6,1622638332254,02/06/2021 12:52:12,1622638333429,1,02/06/2021 13:52:13,53470,4,questionnaire-lo83,,13201216,5d2202ffa80a600017d967b5,3973701,,complete,,60b778765415380f460dd5ba,computer,Desktop or Laptop,Windows 10,Chrome 91.0.4472.77,1280x720,1280x609,,post qualitative report,2,No,END QUESTIONNAIRE,38203
1,1622638575548,02/06/2021 12:56:15,1622638575473,1,02/06/2021 13:56:15,53470,4,questionnaire-lo83,,13201417,60a8f9bb98f8ecd65bc492db,3973356,,complete,,60b76fa5e701fd91023af757,computer,Desktop or Laptop,Mac OS 10.15.3,Safari 13.0.5,1440x900,1215x705,,post qualitative report,2,No,BEGIN QUESTIONNAIRE,
2,1622638603176,02/06/2021 12:56:43,1622638603107,1,02/06/2021 13:56:43,53470,4,questionnaire-lo83,,13201417,60a8f9bb98f8ecd65bc492db,3973356,,complete,,60b76fa5e701fd91023af757,computer,Desktop or Laptop,Mac OS 10.15.3,Safari 13.0.5,1440x900,1215x705,,post qualitative report,2,No,better.over.time,Yes
3,1622638603253,02/06/2021 12:56:43,1622638603109,1,02/06/2021 13:56:43,53470,4,questionnaire-lo83,,13201417,60a8f9bb98f8ecd65bc492db,3973356,,complete,,60b76fa5e701fd91023af757,computer,Desktop or Laptop,Mac OS 10.15.3,Safari 13.0.5,1440x900,1215x705,,post qualitative report,2,No,better.over.time-quantised,1
4,1622638603253,02/06/2021 12:56:43,1622638603109,1,02/06/2021 13:56:43,53470,4,questionnaire-lo83,,13201417,60a8f9bb98f8ecd65bc492db,3973356,,complete,,60b76fa5e701fd91023af757,computer,Desktop or Laptop,Mac OS 10.15.3,Safari 13.0.5,1440x900,1215x705,,post qualitative report,2,No,approach.feedback,waited longer to respond as the study went on 
5,1622638603253,02/06/2021 12:56:43,1622638603109,1,02/06/2021 13:56:43,53470,4,questionnaire-lo83,,13201417,60a8f9bb98f8ecd65bc492db,3973356,,complete,,60b76fa5e701fd91023af757,computer,Desktop or Laptop,Mac OS 10.15.3,Safari 13.0.5,1440x900,1215x705,,post qualitative report,2,No,issues,no
6,1622638603253,02/06/2021 12:56:43,1622638603110,1,02/06/2021 13:56:43,53470,4,questionnaire-lo83,,13201417,60a8f9bb98f8ecd65bc492db,3973356,,complete,,60b76fa5e701fd91023af757,computer,Desktop or Laptop,Mac OS 10.15.3,Safari 13.0.5,1440x900,1215x705,,post qualitative report,2,No,END QUESTIONNAIRE,27638
END OF FILE
